#;PROVINCIA ;MUNICIPIO;ZONAS ;PUESTO;MESAS ;VOTACION JR;VOTACION TOTAL 
1;ALTO MAGDALENA;AGUA DE DIOS ;0;CABECERA MUNICIPAL ;29;95;5458
2;GUALIVA ;ALBAN ;0;CABECERA MUNICIPAL ;16;79;2304
3;TEQUENDAMA ;ANAPOIMA ;0;CABECERA MUNICIPAL ;28;141;4038
4;TEQUENDAMA ;ANAPOIMA ;99;LA PAZ ;5;0;599
5;TEQUENDAMA ;ANAPOIMA ;99;SAN ANTONIO ;4;0;523
6;TEQUENDAMA ;ANOLAIMA;0;CABECERA MUNICIPAL ;27;0;3717
7;TEQUENDAMA ;ANOLAIMA;99;LA FLORIDA ;5;20;691
8;TEQUENDAMA ;ANOLAIMA;99;REVENTONES ;4;8;466
9;TEQUENDAMA ;APULO;0;CABECERA MUNICIPAL ;21;280;3361
10;SUMAPAZ;ARBELAEZ;0;CABECERA MUNICIPAL ;27;923;4963
11;MAGDALENA CENTRO ;BELTRAN;0;CABECERA MUNICIPAL ;3;17;420
12;MAGDALENA CENTRO ;BELTRAN;99;PAQUILO ;3;18;434
13;MAGDALENA CENTRO ;BELTRAN;99;PUERTO DE GRAMALOTA;1;5;173
14;MAGDALENA CENTRO ;BITUIMA;0;CABECERA MUNICIPAL ;8;156;1076
15;MAGDALENA CENTRO ;BITUIMA;99;LA PLAZUELA ;1;0;38
16;SABANA OCCIDENTE ;BOJACA;0;CABECERA MUNICIPAL ;20;178;3937
17;SUMAPAZ;CABRERA ;0;CABECERA MUNICIPAL ;11;698;1529
18;SUMAPAZ;CABRERA ;99;SALON COMUNAL ;1;10;34
19;TEQUENDAMA ;CACHIPAY;0;CABECERA MUNICIPAL ;25;65;3709
20;TEQUENDAMA ;CACHIPAY;99;PEÑA NEGRA;3;9;461
21;SABANA CENTRO ;CAJICA ;1;COLEGIO PABLO HERRERA ;18;90;3176
22;SABANA CENTRO ;CAJICA ;1;COLEGIO RINCON SANTO ;18;66;3057
23;SABANA CENTRO ;CAJICA ;1;ESCUELA EL MISTERIO ;16;57;2865
24;SABANA CENTRO ;CAJICA ;1;I.E.D CAPELLANIA ;5;17;902
25;SABANA CENTRO ;CAJICA ;2;CENTRO CULTURAL CAJICA ;35;154;6773
26;SABANA CENTRO ;CAJICA ;2;COLEGIO ANTONIO NARIÑO ;23;102;3936
27;SABANA CENTRO ;CAJICA ;2;COLISEO FORTALEZA DE PIEDRA;29;165;5603
28;SABANA CENTRO ;CAJICA ;2;SALON COMUNAL BARRIO GRANJITAS ;3;9;480
29;SABANA CENTRO ;CAJICA ;2;SALON COMUNAL LAS PALMAS ;13;54;2295
30;BAJO MAGDALENA ;CAPARRAPI;0;CABECERA MUNICIPAL ;18;425;2353
31;BAJO MAGDALENA ;CAPARRAPI;99;CECERES;1;3;21
32;BAJO MAGDALENA ;CAPARRAPI;99;CAMBRAS;1;13;59
33;BAJO MAGDALENA ;CAPARRAPI;99;CANCHIMAY;1;6;91
34;BAJO MAGDALENA ;CAPARRAPI;99;CORDOBA ;1;48;99
35;BAJO MAGDALENA ;CAPARRAPI;99;EL CAMBULO;2;40;167
36;BAJO MAGDALENA ;CAPARRAPI;99;EL DINDAL ;2;65;205
37;BAJO MAGDALENA ;CAPARRAPI;99;LA AZAUNCHA ;1;11;121
38;BAJO MAGDALENA ;CAPARRAPI;99;SAN CARLOS ;3;16;415
39;BAJO MAGDALENA ;CAPARRAPI;99;SAN PEDRO ;4;16;376
40;BAJO MAGDALENA ;CAPARRAPI;99;SAN RAMON ALTO ;1;27;162
41;BAJO MAGDALENA ;CAPARRAPI;99;TATI ;1;74;146
42;ORIENTE ;CAQUEZA ;0;COLISEO GERMAN ROJAS URREGO ;31;143;4917
43;ORIENTE ;CAQUEZA ;0;CONCENTRACION MARILANDA ;12;53;1828
44;UBATE;CARMEN DE CARUPA ;0;CABECERA MUNICIPAL ;16;114;2402
45;UBATE;CARMEN DE CARUPA ;99;HATO ;2;118;317
46;UBATE;CARMEN DE CARUPA ;99;SUCRE (CAPILLA DE SUCRE);1;3;76
47;MAGDALENA CENTRO ;CHAGUANI ;0;CABECERA MUNICIPAL ;12;341;1733
48;SABANA CENTRO ;CHIA ;1;COLEGIO MARIA AUXILIADORA ;23;67;3905
49;SABANA CENTRO ;CHIA ;1;COLEGIO NACIONAL DIVERSIFICADO ;33;96;5795
50;SABANA CENTRO ;CHIA ;1;COLEGIO STELLA MATUTINA ;22;90;4068
51;SABANA CENTRO ;CHIA ;1;IE JOSE ESCRIVA DE BALAGUER SEDE SAMARIA ;1;5;238
52;SABANA CENTRO ;CHIA ;1;INTS. EDUC. DIVERSIFICADA SANTA LUCIA ;25;97;4832
53;SABANA CENTRO ;CHIA ;1;INSTITUCION EDUCATIVA CERCA DE PIEDRA ;4;0;524
54;SABANA CENTRO ;CHIA ;1;INSTITUCION EDUCATIVA FONQUETA ;1;0;195
55;SABANA CENTRO ;CHIA ;1;VEREDA LA BALSA ;4;15;705
56;SABANA CENTRO ;CHIA ;2;CENTRO COMERCIAL FONTANAR ;9;36;2366
57;SABANA CENTRO ;CHIA ;2;COLISEO DE LA LUNA ;35;125;7041
58;SABANA CENTRO ;CHIA ;2;CONCHA ACUSTICA ;39;124;7600
59;SABANA CENTRO ;CHIA ;2;IE EL CERRO ;6;0;801
60;SABANA CENTRO ;CHIA ;2;IE JOSE ESCRIVA BALAGUER ;23;67;4075
61;SABANA CENTRO ;CHIA ;2;INTS. EDUCATIVA FAGUA SECTOR TIQUIZA ;5;0;735
62;SABANA CENTRO ;CHIA ;2;INSTITUCION EDUCATIVA DIOSA CHIA ;1;0;222
63;SABANA CENTRO ;CHIA ;2;UNIVERSIDAD DE CUNDINAMARCA ;27;0;4182
64;SABANA CENTRO ;CHIA ;90;INST. EDUC. LAURA VICUÑA ;20;126;6902
65;ORIENTE ;CHIPAQUE ;0;CABECERA MUNICIPAL ;23;262;3887
66;ORIENTE ;CHOACHI ;0;COLISEO POLIDEPORTIVO EL BOSQUE ;14;453;2382
67;ORIENTE ;CHOACHI ;0;IED IGNACIO PESCADOR ;18;530;2841
68;ORIENTE ;CHOACHI ;99;EL ALTO DEL PALO ;2;27;183
69;ORIENTE ;CHOACHI ;99;POTRERO GRANDE ;1;83;183
70;ALMEIDAS;CHOCONTA ;0;CABECERA MUNICIPAL ;46;408;7339
71;ALMEIDAS;CHOCONTA ;98;CARCEL ;1;1;19
72;SABANA CENTRO ;COGUA ;0;CABECERA MUNICIPAL ;45;433;7661
73;SABANA CENTRO ;COTA ;1;I.E.D PARDO PARRA SEDE BACHILLERATO ;25;460;4116
74;SABANA CENTRO ;COTA ;1;IE DEPARTAMENTAL CAMILO TORRES;23;364;4223
75;SABANA CENTRO ;COTA ;1;IE DEPARTAMENTAL PARCELAS ;9;163;1501
76;SABANA CENTRO ;COTA ;2;I.E LA MOYA ;13;216;1796
77;SABANA CENTRO ;COTA ;2;I.E PUEBLO VIEJO ;13;197;1919
78;UBATE;CUCUNUBA ;0;CABECERA MUNICIPAL ;13;277;1898
79;UBATE;CUCUNUBA ;99;PEÑAS;2;7;230
80;TEQUENDAMA ;EL COLEGIO;0;CABECERA MUNICIPAL ;50;448;7294
81;TEQUENDAMA ;EL COLEGIO;99;EL TRIUNFO ;4;0;561
82;TEQUENDAMA ;EL COLEGIO;99;LA VICTORIA ;6;26;995
83;TEQUENDAMA ;EL COLEGIO;99;PRADILLA ;4;103;554
84;RIONEGRO ;EL PEÑON ;0;CABECERA MUNICIPAL ;9;59;1362
85;RIONEGRO ;EL PEÑON ;99;GUAYABETAL DE TOLEDO ;2;12;233
86;RIONEGRO ;EL PEÑON ;99;TALAUTA ;3;34;472
87;SABANA OCCIDENTE ;EL ROSAL ;0;CABECERA MUNICIPAL ;51;102;9467
88;SABANA OCCIDENTE ;FACATATIVA ;1;CENTRO DE DESARROLLO SOCIAL ;16;43;2829
89;SABANA OCCIDENTE ;FACATATIVA ;1;COLEGIO DEPTAL CARTAGENITA ;25;88;4623
90;SABANA OCCIDENTE ;FACATATIVA ;1;COLEGIO JOHN F. KENNEDY;25;110;4944
91;SABANA OCCIDENTE ;FACATATIVA ;1;COLEGIO MANABLANCA ;10;24;1614
92;SABANA OCCIDENTE ;FACATATIVA ;1;COLEGIO SAN AGUSTIN ;17;56;2962
93;SABANA OCCIDENTE ;FACATATIVA ;1;COLEGIO SILVERIA ESPINOSA ;17;52;3079
94;SABANA OCCIDENTE ;FACATATIVA ;1;EL PORTAL DE TUS SUEÑOS ;6;19;1040
95;SABANA OCCIDENTE ;FACATATIVA ;2;COLEGIO MANUELA AYALA DE GAITAN ;29;109;5877
96;SABANA OCCIDENTE ;FACATATIVA ;2;COLEGIO SANTA RITA ;22;104;4577
97;SABANA OCCIDENTE ;FACATATIVA ;2;COLISEO CUBIERTO ;28;110;5628
98;SABANA OCCIDENTE ;FACATATIVA ;2;CTRO EDU LA CONCEPCION ;5;13;876
99;SABANA OCCIDENTE ;FACATATIVA ;2;ESCUELA RAFAEL POMBO ;20;73;3982
100;SABANA OCCIDENTE ;FACATATIVA ;2;INDUSTRIAL SEDE TALLERES ;19;54;3788
101;SABANA OCCIDENTE ;FACATATIVA ;2;INSTITUTO TECNICO INDUSTRIAL ;22;67;3796
102;SABANA OCCIDENTE ;FACATATIVA ;90;COLEGIO ARBOLEDA S JUAN PABLO ll;10;84;3922
103;SABANA OCCIDENTE ;FACATATIVA ;98;CTRO RECLUSION POLICIA NACION;1;0;10
104;SABANA OCCIDENTE ;FACATATIVA ;99;COLEGIO JUAN XXlll;1;0;139
105;SABANA OCCIDENTE ;FACATATIVA ;99;MANCILLA ;1;0;84
106;ORIENTE ;FOMEQUE ;0;CABECERA MUNICIPAL ;27;258;4711
107;ORIENTE ;FOMEQUE ;99;LA UNION ;2;12;199
108;ORIENTE ;FOMEQUE ;99;SAN LORENZO ;1;0;65
109;ORIENTE ;FOSCA ;0;CABECERA MUNICIPAL ;13;151;1710
110;ORIENTE ;FOSCA ;99;PUEBLO VIEJO ;1;1;66
111;ORIENTE ;FOSCA ;99;SANAME ;3;81;388
112;SABANA OCCIDENTE ;FUNZA ;1;COL FURATENA ;7;58;1474
113;SABANA OCCIDENTE ;FUNZA ;1;COL MIGUEL ANTONIO CARO ;34;200;6272
114;SABANA OCCIDENTE ;FUNZA ;1;COL MIL CNEL JUAN JOSE RONDON ;27;261;4708
115;SABANA OCCIDENTE ;FUNZA ;1;COL TEC IND CORAZON DE MARIA ;12;63;2316
116;SABANA OCCIDENTE ;FUNZA ;1;IE JARDIN INFANTIL SERREZUELITA ;8;36;1301
117;SABANA OCCIDENTE ;FUNZA ;2;COL COOPERATIVO COMUNAL ;14;62;2354
118;SABANA OCCIDENTE ;FUNZA ;2;COL CRISTIANO INTEGRAL ;14;65;2372
119;SABANA OCCIDENTE ;FUNZA ;2;COL LA UNIDAD BASICA ;28;165;5078
120;SABANA OCCIDENTE ;FUNZA ;2;COL NUESTRA SEÑORA DEL ROSARIO ;11;76;2002
121;SABANA OCCIDENTE ;FUNZA ;2;COL PARROQUIAL SANTIAGO APOSTOL;6;34;1030
122;SABANA OCCIDENTE ;FUNZA ;2;COL SAN JOSE;16;172;2416
123;SABANA OCCIDENTE ;FUNZA ;2;COL SANTANA ;7;33;1239
124;SABANA OCCIDENTE ;FUNZA ;2;ESC SAN ANDRES ;9;77;1717
125;SABANA OCCIDENTE ;FUNZA ;90;COL BICENTENARIO ;10;118;3120
126;UBATE;FUQUENE ;0;CABECERA MUNICIPAL ;6;21;849
127;UBATE;FUQUENE ;99;CAPELLANIA ;6;0;949
128;SUMAPAZ;FUSAGASUGA ;1;COLEGIO ACCION COMUNAL ;18;84;2434
129;SUMAPAZ;FUSAGASUGA ;1;COLEGIO SANTANDER ;22;203;3668
130;SUMAPAZ;FUSAGASUGA ;1;COLISEO FUTSAL COBURGO ;26;254;4050
131;SUMAPAZ;FUSAGASUGA ;1;ESCUELA GUSTAVO VEGA ;14;112;2250
132;SUMAPAZ;FUSAGASUGA ;1;ESCUELA JULIO SABOGAL ;22;160;3557
133;SUMAPAZ;FUSAGASUGA ;1;PARROQUIA NTRA.SRA.DE BELEN ;20;180;3341
134;SUMAPAZ;FUSAGASUGA ;2;COL CARLOS LOZANO Y LOZANO ;16;109;2096
135;SUMAPAZ;FUSAGASUGA ;2;COL JOSE C MUTIS ;21;153;3350
136;SUMAPAZ;FUSAGASUGA ;2;COLEGIO RICAURTE ;20;272;4004
137;SUMAPAZ;FUSAGASUGA ;2;ESC REFUGIO INFANTIL ;16;121;2824
138;SUMAPAZ;FUSAGASUGA ;2;ESCUELA FUSACATAN ;17;199;3078
139;SUMAPAZ;FUSAGASUGA ;2;POLIDEPORTIVO EBENEZER;17;108;3166
140;SUMAPAZ;FUSAGASUGA ;2;UNIVERSIDAD DE CUNDINAMARCA ;26;266;4390
141;SUMAPAZ;FUSAGASUGA ;90;COL. TEODORO AYA VILLAVECES;9;153;2301
142;SUMAPAZ;FUSAGASUGA ;98;CARCEL CIRCUITO JUDICIAL ;1;1;44
143;SUMAPAZ;FUSAGASUGA ;99;BOCHICA (LA TRINIDAD) ;9;77;1110
144;SUMAPAZ;FUSAGASUGA ;99;CUCHARAL;12;158;1601
145;SUMAPAZ;FUSAGASUGA ;99;EL TRIUNFO (BOQUERON);3;6;179
146;SUMAPAZ;FUSAGASUGA ;99;LA AGUADITA ;6;73;691
147;SUMAPAZ;FUSAGASUGA ;99;LA PUERTA (CHINAUTA);12;67;1336
148;SUMAPAZ;FUSAGASUGA ;99;LOS SAUCES;5;36;494
149;GUAVIO ;GACHALA ;0;CABECERA MUNICIPAL ;12;387;1807
150;GUAVIO ;GACHALA ;99;LOS ALPES ;2;81;337
151;GUAVIO ;GACHALA ;99;MONTECRISTO ;1;6;61
152;GUAVIO ;GACHALA ;99;SANTA RITA DE RIONEGRO ;1;22;132
153;SABANA CENTRO ;GACHANCIPA ;0;CABECERA MUNICIPAL ;32;204;6191
154;GUAVIO ;GACHETA ;0;CABECERA MUNICIPAL ;25;597;3084
155;GUAVIO ;GACHETA ;99;LOS LOPEZ;2;25;116
156;GUAVIO ;GAMA ;0;CABECERA MUNICIPAL ;8;426;1303
157;GUAVIO ;GAMA ;99;SAN ROQUE ;1;75;171
158;ALTO MAGDALENA;GIRARDOT;1;COLEGIO AMERICANO ;27;141;4536
159;ALTO MAGDALENA;GIRARDOT;1;COLEGIO LA PRESENTACION ;19;117;3533
160;ALTO MAGDALENA;GIRARDOT;1;COLEGIO NUESTRA SEÑORA DEL PILAR ;16;83;2520
161;ALTO MAGDALENA;GIRARDOT;2;COL MAYOR MARTHA CATALINA ;20;120;3620
162;ALTO MAGDALENA;GIRARDOT;2;CTRO EDU ANTONIO NARIÑO ;13;81;2472
163;ALTO MAGDALENA;GIRARDOT;2;I.E. NUEVO HORIZONTE ;27;97;4260
164;ALTO MAGDALENA;GIRARDOT;2;LICEO LOS ANDES ;8;31;1371
165;ALTO MAGDALENA;GIRARDOT;2;SEDE FRANCISCO J DE CALDAS;12;80;2167
166;ALTO MAGDALENA;GIRARDOT;3;COLEGIO ATANASIO GIRARDOT ;18;77;3350
167;ALTO MAGDALENA;GIRARDOT;3;COLISEO BARRIO KENNEDY ;13;67;2416
168;ALTO MAGDALENA;GIRARDOT;3;COLISEO BARRIO SAN JORGE ;16;59;2878
169;ALTO MAGDALENA;GIRARDOT;3;ESC. NORMAL SUPERIOR MARIA AUX;16;76;2977
170;ALTO MAGDALENA;GIRARDOT;3;IE POLICARPA SALAVARRIETA ;18;114;3306
171;ALTO MAGDALENA;GIRARDOT;90;COLISEO DE FERIAS Y EXPOSICION ;9;56;2468
172;ALTO MAGDALENA;GIRARDOT;98;PENITENCIARIA NACIONAL ;1;1;63
173;ALTO MAGDALENA;GIRARDOT;99;BARZALOSA Y PIAMONTE ;8;80;1429
174;ALTO MAGDALENA;GIRARDOT;99;SAN LORENZO ;1;32;114
175;SUMAPAZ;GRANADA;0;CABECERA MUNICIPAL ;18;100;3090
176;UBATE;GUACHETA;0;CABECERA MUNICIPAL ;26;226;3901
177;UBATE;GUACHETA;99;MONROY;1;1;69
178;BAJO MAGDALENA ;GUADUAS;0;CABECERA MUNICIPAL ;52;1422;7741
179;BAJO MAGDALENA ;GUADUAS;98;ESTABLEC. PENITENCIARIO LA ESPERANZA ;1;0;20
180;BAJO MAGDALENA ;GUADUAS;99;CEDRALES ;1;25;74
181;BAJO MAGDALENA ;GUADUAS;99;CHAPAIMA (TOTUMAL);1;2;23
182;BAJO MAGDALENA ;GUADUAS;99;CUATRO ESQUINAS ;1;1;41
183;BAJO MAGDALENA ;GUADUAS;99;EL ESCRITORIO ;1;9;34
184;BAJO MAGDALENA ;GUADUAS;99;GUADUERO;1;10;128
185;BAJO MAGDALENA ;GUADUAS;99;LA PAZ ;3;124;457
186;BAJO MAGDALENA ;GUADUAS;99;MALAMBO;1;4;35
187;BAJO MAGDALENA ;GUADUAS;99;PUERTO BOGOTA ;9;194;1562
188;GUAVIO ;GUASCA ;0;CABECERA MUNICIPAL ;33;383;5511
189;ALTO MAGDALENA;GUATAQUI ;0;CABECERA MUNICIPAL ;8;43;1336
190;GUAVIO ;GUATAVITA ;0;CABECERA MUNICIPAL ;16;104;2690
191;MAGDALENA CENTRO ;GUAYABETAL DE SIQUIMA ;0;CABECERA MUNICIPAL ;12;107;2099
192;ORIENTE ;GUAYABETAL ;0;CABECERA MUNICIPAL ;14;736;2529
193;ORIENTE ;GUAYABETAL ;99;TUNQUE DEL NARANJAL (TUNQUE);1;33;72
194;ORIENTE ;GUTIERREZ ;0;CABECERA MUNICIPAL ;8;78;1584
195;ALTO MAGDALENA;JERUSALEN ;0;CABECERA MUNICIPAL ;8;108;1219
196;GUAVIO ;JUNIN;0;CABECERA MUNICIPAL ;11;185;1546
197;GUAVIO ;JUNIN;99;CHUSCALES ;2;28;219
198;GUAVIO ;JUNIN;99;CLARAVAL ;1;21;97
199;GUAVIO ;JUNIN;99;EL SALITRICO (SUEVA);6;16;322
200;GUAVIO ;LA CALERA ;1;POLIDEPORTIVO LA PORTADA ;16;69;2425
201;GUAVIO ;LA CALERA ;1;SALON COMUNAL MARQUEZ ;2;10;327
202;GUAVIO ;LA CALERA ;2;ESCUELA EL SALITRE ;4;7;470
203;GUAVIO ;LA CALERA ;2;ESCUELA JUAN XXlll;43;187;7328
204;GUAVIO ;LA CALERA ;2;POLIDEPORTIVO PASEO REAL ;3;8;694
205;GUAVIO ;LA CALERA ;99;MUNDO NUEVO ;2;3;160
206;GUAVIO ;LA CALERA ;99;TREINTA Y SEIS ;2;12;260
207;TEQUENDAMA ;LA MESA ;1;I.E. D. FRANCISCO JULIAN OLAYA SEDE A;14;66;2157
208;TEQUENDAMA ;LA MESA ;1;POLIDEP. LUIS CARLOS GALAN SARMIENTO ;29;136;4484
209;TEQUENDAMA ;LA MESA ;2;I.E. D. FRANCISCO JULIAN OLAYA SEDE C;16;61;1737
210;TEQUENDAMA ;LA MESA ;2;I.E D. SABIO MUTIS ;17;107;2272
211;TEQUENDAMA ;LA MESA ;98;CARCEL;1;0;14
212;TEQUENDAMA ;LA MESA ;99;LA ESPERANZA;5;60;650
213;TEQUENDAMA ;LA MESA ;99;SAN JAVIER;3;22;407
214;TEQUENDAMA ;LA MESA ;99;SAN JOAQUIN ;7;69;915
215;RIONEGRO ;LA PALMA ;0;CABECERA MUNICIPAL ;22;173;2942
216;RIONEGRO ;LA PALMA ;99;LA HOYA DE TUDELA ;1;3;45
217;RIONEGRO ;LA PALMA ;99;MINIPI QUIJANO ;1;8;86
218;RIONEGRO ;LA PALMA ;99;MURCA;2;6;223
219;GUALIVA ;LA PEÑA ;0;CABECERA MUNICIPAL ;18;497;2533
220;GUALIVA ;LA VEGA ;0;CABECERA MUNICIPAL ;38;396;6376
221;GUALIVA ;LA VEGA ;99;EL VINO ;2;12;255
222;UBATE;LENGUAZAQUE ;0;CABECERA MUNICIPAL ;21;354;3188
223;ALMEIDAS;MACHETA ;0;CABECERA MUNICIPAL ;19;500;2635
224;SABANA OCCIDENTE ;MADRID ;1;COLEGIO LA MAGNOLIA ;16;30;2632
225;SABANA OCCIDENTE ;MADRID ;1;COLEGIO SAN PEDRO ;15;37;3063
226;SABANA OCCIDENTE ;MADRID ;1;COLEGIO TIBAITATA;15;29;2717
227;SABANA OCCIDENTE ;MADRID ;1;COLISEO CUBIERTO MUNICIPAL;21;62;4090
228;SABANA OCCIDENTE ;MADRID ;1;LICEO HACIENDA CASABLANCA;11;0;2672
229;SABANA OCCIDENTE ;MADRID ;1;SALON COMUNAL ALCAPARROS ;10;21;1759
230;SABANA OCCIDENTE ;MADRID ;2;BLOQUE 2 - COLEGIO TECNOLOGICO;15;42;2700
231;SABANA OCCIDENTE ;MADRID ;2;COLEGIO SAN JOSE ;14;27;2287
232;SABANA OCCIDENTE ;MADRID ;2;COLEGIO DEPTAL SERREZUELA ;19;53;3612
233;SABANA OCCIDENTE ;MADRID ;2;COLEGIO MARIA TERESA ORTIZ ;18;46;3471
234;SABANA OCCIDENTE ;MADRID ;2;COLEGIO SANTO TOMAS ;3;0;708
235;SABANA OCCIDENTE ;MADRID ;2;COLEGIO TECNOLOGICO DE MADRID ;13;36;2377
236;SABANA OCCIDENTE ;MADRID ;2;I.E. NUESTRA SRA DEL LORETO ;10;19;1884
237;SABANA OCCIDENTE ;MADRID ;90;COLEGIO GABRIEL ECHAVARRIA;12;0;3920
238;SABANA OCCIDENTE ;MADRID ;99;PUENTE DE PIEDRA ;9;41;1596
239;ALMEIDAS;MANTA ;0;CABECERA MUNICIPAL ;12;41;2152
240;MEDINA;MEDINA ;0;CABECERA MUNICIPAL ;15;153;2322
241;MEDINA;MEDINA ;99;EL ARENAL ;1;19;100
242;MEDINA;MEDINA ;99;GAZATAVENA ;1;4;116
243;MEDINA;MEDINA ;99;LA ESMERALDA ;1;2;26
244;MEDINA;MEDINA ;99;LA MESA DE LOS REYES;1;1;48
245;MEDINA;MEDINA ;99;LOS ALPES ;1;2;113
246;MEDINA;MEDINA ;99;SAN FRANCISCO DE GAZADUJE;2;22;186
247;MEDINA;MEDINA ;99;SAN PEDRO DE GUAJARAY;1;2;74
248;MEDINA;MEDINA ;99;SANTA TERESITA;1;1;87
249;SABANA OCCIDENTE ;MOSQUERA ;1;COL MAYOR DE MOSQUERA ;11;20;1717
250;SABANA OCCIDENTE ;MOSQUERA ;1;COLEGIO LA PAZ ;19;73;3721
251;SABANA OCCIDENTE ;MOSQUERA ;1;ESCUELA EL DIAMANTE ;8;26;1187
252;SABANA OCCIDENTE ;MOSQUERA ;1;IE JUAN LUIS LONDOÑO ;19;75;3329
253;SABANA OCCIDENTE ;MOSQUERA ;1;IE LA AMISTAD ;11;65;1595
254;SABANA OCCIDENTE ;MOSQUERA ;1;NUEVO COLISEO MUNICIPAL ;26;149;4941
255;SABANA OCCIDENTE ;MOSQUERA ;2;COL LA FRATERNIDAD ;22;78;4307
256;SABANA OCCIDENTE ;MOSQUERA ;2;COLEGIO ROBERTO VELANDIA ;34;99;6286
257;SABANA OCCIDENTE ;MOSQUERA ;2;EL TREBOL COL COMPARTIR ;31;93;6722
258;SABANA OCCIDENTE ;MOSQUERA ;2;IE LA ARMONIA ;26;61;4653
259;SABANA OCCIDENTE ;MOSQUERA ;2;JARDIN INF VILLA MARCELA ;27;120;5222
260;ALTO MAGDALENA;NARIÑO;0;CABECERA MUNICIPAL ;8;126;1485
261;SABANA CENTRO ;NEMOCON;0;CABECERA MUNICIPAL ;25;368;4579
262;SABANA CENTRO ;NEMOCON;99;VEREDA PATIO BONITO ;6;54;632
263;ALTO MAGDALENA;NILO ;0;CABECERA MUNICIPAL ;13;58;2049
264;ALTO MAGDALENA;NILO ;99;PUEBLO NUEVO ;3;27;513
265;ALTO MAGDALENA;NILO ;99;S MULTIPROPOSITO CTRO POBL LA ESMERALDA ;3;7;415
266;GUALIVA ;NIMAIMA ;0;CABECERA MUNICIPAL ;6;187;1061
267;GUALIVA ;NIMAIMA ;99;EL CERRO ;1;4;84
268;GUALIVA ;NIMAIMA ;99;TOBIA ;4;25;485
269;GUALIVA ;NOCAIMA ;0;CABECERA MUNICIPAL ;16;269;2433
270;RIONEGRO ;PACHO ;1;COLISEO CUBIERTO LORENZO DE TERRONES ;20;597;3194
271;RIONEGRO ;PACHO ;1;I.E.D. AQUILEO PARRA;15;480;2382
272;RIONEGRO ;PACHO ;2;I.E. D. ANA FRANCISCA LARA SD SAN JOSE ;16;561;2510
273;RIONEGRO ;PACHO ;2;I.E.D. ANA FRANCISCA LARA SEDE BOLIVAR ;12;333;1667
274;RIONEGRO ;PACHO ;99;INSTITUCION EDUCATIVA PASUNCHA ;3;26;372
275;RIONEGRO ;PAIME;0;CABECERA MUNICIPAL ;8;66;1088
276;RIONEGRO ;PAIME;99;CUATRO CAMINOS ;2;7;270
277;RIONEGRO ;PAIME;99;EL PLOMO (EL PARAISO);1;0;107
278;RIONEGRO ;PAIME;99;TUDELA ;4;65;651
279;RIONEGRO ;PAIME;99;VENECIA ;1;10;178
280;SUMAPAZ;PANDI ;0;CABECERA MUNICIPAL ;12;600;1918
281;MEDINA;PARATEBUENO ;0;CABECERA MUNICIPAL ;15;152;2185
282;MEDINA;PARATEBUENO ;99;CENTRO POBLADO JAPON ;1;50;171
283;MEDINA;PARATEBUENO ;99;EL ENGAÑO ;1;20;90
284;MEDINA;PARATEBUENO ;99;GUAICARAMO ;1;2;18
285;MEDINA;PARATEBUENO ;99;MAYA ;4;54;629
286;MEDINA;PARATEBUENO ;99;SANTA CECILIA ;2;7;247
287;MEDINA;PARATEBUENO ;99;VILLA PACHELLY ;1;9;120
288;SUMAPAZ;PASCA ;0;CABECERA MUNICIPAL ;24;448;3877
289;BAJO MAGDALENA ;PUERTO SALGAR;0;CABECERA MUNICIPAL ;35;540;4725
290;BAJO MAGDALENA ;PUERTO SALGAR;99;COLORADOS ;1;6;151
291;BAJO MAGDALENA ;PUERTO SALGAR;99;EL GUAYABO ;1;6;105
292;BAJO MAGDALENA ;PUERTO SALGAR;99;PUERTO LIBRE ;3;6;387
293;MAGDALENA CENTRO ;PULI;0;CABECERA MUNICIPAL ;7;84;922
294;MAGDALENA CENTRO ;PULI;99;PALESTINA ;2;2;219
295;MAGDALENA CENTRO ;PULI;99;VALPARAISO ;1;1;28
296;GUALIVA ;QUEBRADANEGRA ;0;CABECERA MUNICIPAL ;5;135;796
297;GUALIVA ;QUEBRADANEGRA ;99;LA MAGDALENA ;6;316;1109
298;GUALIVA ;QUEBRADANEGRA ;99;SAN CARLOS ;2;63;257
299;GUALIVA ;QUEBRADANEGRA ;99;TOBIA ;1;14;131
300;ORIENTE ;QUETAME ;0;CABECERA MUNICIPAL ;9;333;1555
301;ORIENTE ;QUETAME ;99;PUENTE QUETAME (PTE CLAVIJO);8;394;1427
302;TEQUENDAMA ;QUIPILE ;0;CABECERA MUNICIPAL ;9;81;1132
303;TEQUENDAMA ;QUIPILE ;99;LA BOTICA ;3;8;323
304;TEQUENDAMA ;QUIPILE ;99;LA SIERRA;3;53;361
305;TEQUENDAMA ;QUIPILE ;99;LA VIRGEN ;3;30;420
306;TEQUENDAMA ;QUIPILE ;99;SANTA MARTA ;2;26;217
307;ALTO MAGDALENA;RICAURTE ;0;CABECERA MUNICIPAL ;31;150;5082
308;TEQUENDAMA ;SAN ANTONIO DE TEQUENDAMA ;0;CABECERA MUNICIPAL ;15;115;2151
309;TEQUENDAMA ;SAN ANTONIO DE TEQUENDAMA ;99;SANTANDERCITO ;12;106;1819
310;SUMAPAZ;SAN BERNARDO ;0;CABECERA MUNICIPAL ;22;760;3450
311;SUMAPAZ;SAN BERNARDO ;99;PORTONES ;2;15;190
312;RIONEGRO ;SAN CAYETANO ;0;CABECERA MUNICIPAL ;6;63;705
313;RIONEGRO ;SAN CAYETANO ;99;CAMANCHA ;1;38;147
314;RIONEGRO ;SAN CAYETANO ;99;CUIBUCO;2;5;245
315;RIONEGRO ;SAN CAYETANO ;99;EL ALBERGUE ;1;4;84
316;RIONEGRO ;SAN CAYETANO ;99;LAGUNA VERDE;2;28;131
317;RIONEGRO ;SAN CAYETANO ;99;LAS MERCEDES ;2;12;163
318;RIONEGRO ;SAN CAYETANO ;99;PINIPAY ;2;0;231
319;RIONEGRO ;SAN CAYETANO ;99;REMANSO ;1;17;88
320;GUALIVA ;SAN FRANCISCO ;0;CABECERA MUNICIPAL ;26;417;3769
321;GUALIVA ;SAN FRANCISCO ;99;ESCUELA RURAL SAN LUIS ;1;3;62
322;GUALIVA ;SAN FRANCISCO ;99;ESCUELA RURAL SAN MIGUEL ;1;6;58
323;GUALIVA ;SAN FRANCISCO ;99;LA MAGOLA ;1;1;14
324;MAGDALENA CENTRO ;SAN JUAN DE RIOSECO ;0;CABECERA MUNICIPAL ;22;267;3550
325;MAGDALENA CENTRO ;SAN JUAN DE RIOSECO ;99;CAMBAO ;4;0;646
326;MAGDALENA CENTRO ;SAN JUAN DE RIOSECO ;99;SAN NICOLAS ;2;10;232
327;GUALIVA ;SASAIMA ;0;CABECERA MUNICIPAL ;24;681;3518
328;GUALIVA ;SASAIMA ;99;LA VICTORIA ;3;61;405
329;ALMEIDAS;SESQUILE ;0;CABECERA MUNICIPAL ;26;287;4667
330;SOACHA ;SIBATE ;1;C.I.C. PABLO NERUDA ;13;59;2071
331;SOACHA ;SIBATE ;1;IED GRAL SANTANDER SEDE BTO ;29;355;5181
332;SOACHA ;SIBATE ;2;C.I.C. BALCONES DE SAN JOSE ;16;171;3039
333;SOACHA ;SIBATE ;2;POLIDEPORTIVO SAN RAFAEL ;19;168;3196
334;SUMAPAZ;SILVANIA ;0;CABECERA MUNICIPAL ;42;544;6344
335;SUMAPAZ;SILVANIA ;99;AGUA BONITA ;4;102;707
336;SUMAPAZ;SILVANIA ;99;SUBIA ;8;55;1369
337;UBATE;SIMIJACA ;0;CABECERA MUNICIPAL ;28;349;4271
338;UBATE;SIMIJACA ;99;EL SALITRE;1;0;44
339;SOACHA ;SOACHA ;1;COLEGIO COLSUBSIDIO - MAIPORE;3;0;651
340;SOACHA ;SOACHA ;1;COLEGIO MILITAR ALMIRANTE PADILLA ;11;19;1965
341;SOACHA ;SOACHA ;1;CONCENTRACION ESCOLAR SAN NICOLAS ;14;0;2483
342;SOACHA ;SOACHA ;1;I.E. SANTA ANA - ANTONIO NARIÑO ;25;47;4224
343;SOACHA ;SOACHA ;1;I.E. CIUDAD LATINA ;25;52;4250
344;SOACHA ;SOACHA ;1;I.E. COMPARTIR ;41;0;7230
345;SOACHA ;SOACHA ;1;I.E. COMPARTIR PRIMARIA ;23;47;4393
346;SOACHA ;SOACHA ;1;I.E. PAZ Y ESPERANZA ;3;6;570
347;SOACHA ;SOACHA ;1;IE. NUEVO COMPARTIR ;10;16;1665
348;SOACHA ;SOACHA ;1;SALON COMUNAL VILLA ITALIA ;3;0;635
349;SOACHA ;SOACHA ;2;CDI JARDIN SOCIAL SOL Y LUNA ;3;0;693
350;SOACHA ;SOACHA ;2;CENTRO DE DESARROLLO INFANTIL COMPENSAR ;7;0;1187
351;SOACHA ;SOACHA ;2;COLISEO GENERAL SANTANDER ;23;0;4261
352;SOACHA ;SOACHA ;2;CONCENTRACION CAMILO TORRES ;20;0;3323
353;SOACHA ;SOACHA ;2;I E GENERAL SANTANDER SEDE LA VEREDITA ;8;15;1346
354;SOACHA ;SOACHA ;2;I.E. GENERAL SANTANDER ;39;0;5968
355;SOACHA ;SOACHA ;2;I.E. INTEGRADO DE SOACHA ;41;98;6867
356;SOACHA ;SOACHA ;2;I.E. VIDA NUEVA ;5;0;1243
357;SOACHA ;SOACHA ;2;IE GENERAL SANTANDER SD MI TIERNA EDAD ;21;41;3056
358;SOACHA ;SOACHA ;2;SALON COMUNAL CIUDAD SATELITE ;15;38;2883
359;SOACHA ;SOACHA ;2;UNIVER. DE CUNDINAMARCA EXTENSION SOACHA ;12;23;2348
360;SOACHA ;SOACHA ;3;CENTRO COMERCIAL GRAN PLAZA;44;0;7402
361;SOACHA ;SOACHA ;3;COLISEO LEON XIII;22;36;4246
362;SOACHA ;SOACHA ;3;I.E. LA DESPENSA - CIUDAD VERDE ;19;0;3853
363;SOACHA ;SOACHA ;3;I.E. DESPENSA - MARCO FIDEL SUAREZ ;2;0;199
364;SOACHA ;SOACHA ;3;I.E. LA DESPENSA ;9;0;1040
365;SOACHA ;SOACHA ;3;I.E. LEON XIII - CHILOE;23;0;5582
366;SOACHA ;SOACHA ;3;I.E. LEON XIII;25;0;4076
367;SOACHA ;SOACHA ;3;I.E. MANUELA BELTRAN ;8;12;1132
368;SOACHA ;SOACHA ;3;I.E. SOACHA AVANZA LA UNIDAD ;9;0;2337
369;SOACHA ;SOACHA ;4;I E JULIO CESAR TURBAY AYALA;16;0;2611
370;SOACHA ;SOACHA ;4;I.E. GABRIEL GARCIA MARQUEZ ;2;0;387
371;SOACHA ;SOACHA ;4;I.E. CIUDADELA SUCRE;24;37;3491
372;SOACHA ;SOACHA ;4;I.E. LA ISLA;10;0;1281
373;SOACHA ;SOACHA ;4;I.E. LUIS CARLOS GALAN ;11;15;1204
374;SOACHA ;SOACHA ;4;IE LUIS C. GALAN - SD VILLAS DE CASALOMA ;1;0;186
375;SOACHA ;SOACHA ;5;I.E. EL BOSQUE ;27;0;5197
376;SOACHA ;SOACHA ;5;I.E. LICEO MAYOR DE SOACHA ;10;22;2315
377;SOACHA ;SOACHA ;5;I.E. SAN MATEO SEDE A;30;0;5788
378;SOACHA ;SOACHA ;5;I.E. SAN MATEO SEDE B ;22;0;4043
379;SOACHA ;SOACHA ;5;POLIDEPORTIVO QUINTANARES ;12;0;2157
380;SOACHA ;SOACHA ;6;IE EDUARDO SANTOS SEDE PANAMERICANA ;17;0;2779
381;SOACHA ;SOACHA ;6;I.E. LAS VILLAS-SEDE LIBERTADORES ;16;44;2745
382;SOACHA ;SOACHA ;6;I.E. LAS VILLAS - SEDE BARON DEL SOL;26;62;4976
383;SOACHA ;SOACHA ;6;I.E. SAN MATEO - MARISCAL SUCRE ;14;0;2704
384;SOACHA ;SOACHA ;6;I.E. SOACHA PARA VIVIR MEJOR ;1;0;166
385;SOACHA ;SOACHA ;6;I.E. SOL NACIENTE ;26;0;5018
386;SOACHA ;SOACHA ;6;SALON COMUNAL ALTOS DE LA FLORIDA ;2;32;291
387;SOACHA ;SOACHA ;90;COLEGIO BOLIVAR PRIMARIA ;12;33;2908
388;SOACHA ;SOACHA ;99;I.E. EUGENIO DIAZ CASTRO SAN JORGE ;3;10;297
389;SOACHA ;SOACHA ;99;I.E. EUGENIO DIAZ CASTRO SEDE CHACUA ;1;5;228
390;SOACHA ;SOACHA ;99;I.E. EUGENIO DIAZ CASTRO SEDE PRIMARIA ;3;5;560
391;SABANA CENTRO ;SOPO ;0;CABECERA MUNICIPAL ;51;195;10209
392;SABANA CENTRO ;SOPO ;99;BRICEÑO ;5;22;1041
393;SABANA CENTRO ;SOPO ;99;VIOLETA ;1;0;82
394;SABANA OCCIDENTE ;SUBACHOQUE ;0;CABECERA MUNICIPAL ;32;416;5360
395;SABANA OCCIDENTE ;SUBACHOQUE ;99;EL GUAMAL ;1;2;118
396;SABANA OCCIDENTE ;SUBACHOQUE ;99;LA PRADERA ;3;63;511
397;ALMEIDAS;SUESCA ;0;CABECERA MUNICIPAL ;30;207;5716
398;ALMEIDAS;SUESCA ;99;HATO GRANDE ;2;5;310
399;ALMEIDAS;SUESCA ;99;SANTA ROSITA ;1;0;190
400;GUALIVA ;SUPATA;0;CABECERA MUNICIPAL ;13;371;1909
401;UBATE;SUSA;0;CABECERA MUNICIPAL ;16;135;2398
402;UBATE;SUTATAUSA ;0;CABECERA MUNICIPAL ;10;146;1571
403;UBATE;SUTATAUSA ;99;LAS PEÑAS;2;2;188
404;SABANA CENTRO ;TABIO ;0;CASA DE LA CULTURA ;16;48;2740
405;SABANA CENTRO ;TABIO ;0;POLIDEPORTIVO MUNICIPAL ;34;113;6146
406;UBATE;TAUSA ;0;CABECERA MUNICIPAL ;16;114;2157
407;UBATE;TAUSA ;99;EL SALITRE ;1;0;112
408;UBATE;TAUSA ;99;PARAMO ALTO ;1;1;40
409;TEQUENDAMA ;TENA ;0;CABECERA MUNICIPAL ;13;31;1901
410;TEQUENDAMA ;TENA ;99;LA GRAN VIA ;8;0;1280
411;SABANA CENTRO ;TENJO ;0;IED GENERAL SANTANDER ;21;0;3780
412;SABANA CENTRO ;TENJO ;0;POLIDEPORTIVO MUNICIPAL ;24;0;4290
413;SABANA CENTRO ;TENJO ;99;LA PUNTA ;4;0;619
414;SUMAPAZ;TIBACUY;0;CABECERA MUNICIPAL ;6;118;882
415;SUMAPAZ;TIBACUY;99;BATEAS;2;41;358
416;SUMAPAZ;TIBACUY;99;CUMACA ;5;61;736
417;ALMEIDAS;TIBIRITA ;0;CABECERA MUNICIPAL ;9;307;1531
418;ALTO MAGDALENA;TOCAIMA ;0;CABECERA MUNICIPAL ;37;423;5450
419;ALTO MAGDALENA;TOCAIMA ;99;PUBENZA;1;12;131
420;SABANA CENTRO ;TOCANCIPA ;1;COLEGIO SAN LUIS GONZAGA ;39;224;7999
421;SABANA CENTRO ;TOCANCIPA ;1;INS. EDUCATIVA LA FUENTE ;11;63;1998
422;SABANA CENTRO ;TOCANCIPA ;2;I.E. DPTAL TECNICO INDUSTRIAL ;25;104;4751
423;SABANA CENTRO ;TOCANCIPA ;2;INSTITUCION EDUCATIVA CANAVITA ;15;47;2732
424;RIONEGRO ;TOPAIPI ;0;CABECERA MUNICIPAL ;9;55;1646
425;RIONEGRO ;TOPAIPI ;99;EL NARANJAL ;2;6;409
426;RIONEGRO ;TOPAIPI ;99;SAN ANTONIO DE AGUILERA ;3;7;541
427;GUAVIO ;UBALA ;0;CABECERA MUNICIPAL ;17;247;2150
428;GUAVIO ;UBALA ;99;INSTITUCION EDUCATIVA LAS MARGARITAS ;1;1;68
429;GUAVIO ;UBALA ;99;INSTITUCION EDUCATIVA SOYA ;1;29;121
430;GUAVIO ;UBALA ;99;LA PLAYA ;1;38;114
431;GUAVIO ;UBALA ;99;LAGUNA AZUL ;2;23;209
432;GUAVIO ;UBALA ;99;MAMBITA ;3;68;421
433;GUAVIO ;UBALA ;99;PEÑAS BLANCAS ;1;7;48
434;GUAVIO ;UBALA ;99;SAN PEDRO DE JAGUA ;2;44;276
435;GUAVIO ;UBALA ;99;SANTA ROSA ;2;2;219
436;ORIENTE ;UBAQUE ;0;CABECERA MUNICIPAL ;17;240;2441
437;ORIENTE ;UBAQUE ;99;PUESTO VEREDA SABANILLA ;1;4;95
438;UBATE;UBATE ;1;SALON COMUNAL DE SAN IGNACIO ;11;52;1400
439;UBATE;UBATE ;1;SALON COMUNAL SAN JOSE;5;36;656
440;UBATE;UBATE ;1;UNIDAD BASICA ;7;26;1092
441;UBATE;UBATE ;1;UNIVERSIDAD DE CUNDINAMARCA ;25;190;4420
442;UBATE;UBATE ;2;COLISEO MUNICIPAL ;28;143;4493
443;UBATE;UBATE ;2;INSTITUTO BOLIVAR ;22;134;3547
444;UBATE;UBATE ;98;CARCEL;1;2;27
445;UBATE;UBATE ;99;GUATANCUY;3;4;336
446;ORIENTE ;UNE;0;CABECERA MUNICIPAL ;19;99;3372
447;ORIENTE ;UNE;99;EL RAMAL;1;2;29
448;GUALIVA ;UTICA;0;CABECERA MUNICIPAL ;14;445;2495
449;SUMAPAZ;VENECIA;0;CABECERA MUNICIPAL ;10;242;1386
450;SUMAPAZ;VENECIA;99;APOSENTOS ;1;23;109
451;SUMAPAZ;VENECIA;99;ESCUELA LAS BRISAS ;1;1;53
452;SUMAPAZ;VENECIA;99;LAS MERCEDES ;1;4;56
453;GUALIVA ;VERGARA ;0;CABECERA MUNICIPAL ;15;284;1840
454;GUALIVA ;VERGARA ;99;CERINZA;1;49;165
455;GUALIVA ;VERGARA ;99;CHONTEGRANDE ;2;9;208
456;GUALIVA ;VERGARA ;99;CORCEGA ;1;1;77
457;GUALIVA ;VERGARA ;99;GUACAMAYAS ;1;21;93
458;GUALIVA ;VERGARA ;99;LLANO GRANDE ;2;12;176
459;GUALIVA ;VERGARA ;99;VILLA OLARTE (FLANDES);1;39;110
460;MAGDALENA CENTRO ;VIANI ;0;CABECERA MUNICIPAL ;12;155;1844
461;RIONEGRO ;VILLAGOMEZ;0;CABECERA MUNICIPAL ;6;95;944
462;RIONEGRO ;VILLAGOMEZ;99;CERRO AZUL ;1;37;109
463;ALMEIDAS;VILLAPINZON ;0;CABECERA MUNICIPAL ;39;154;7369
464;GUALIVA ;VILLETA ;1;ESCUELA LA VALENCIA ;18;333;2874
465;GUALIVA ;VILLETA ;1;SENA ;16;319;2683
466;GUALIVA ;VILLETA ;2;CONC. POLICARPA SALAVARRIETA ;17;310;2755
467;GUALIVA ;VILLETA ;2;ESCUELA CARLOS LLERAS ;15;242;2115
468;GUALIVA ;VILLETA ;98;CARCEL MUNICIPAL;1;0;6
469;GUALIVA ;VILLETA ;99;BAGAZAL ;3;31;366
470;GUALIVA ;VILLETA ;99;CHAPAIMA ;1;0;86
471;GUALIVA ;VILLETA ;99;ILO GRANDE ;1;16;47
472;TEQUENDAMA ;VIOTA ;0;CABECERA MUNICIPAL ;25;170;3274
473;TEQUENDAMA ;VIOTA ;99;BRASIL ;3;0;403
474;TEQUENDAMA ;VIOTA ;99;EL PIÑAL;1;8;146
475;TEQUENDAMA ;VIOTA ;99;SAN GABRIEL ;4;11;369
476;RIONEGRO ;YACOPI;0;CABECERA MUNICIPAL ;17;22;2567
477;RIONEGRO ;YACOPI;99;ALSACIA ;2;2;189
478;RIONEGRO ;YACOPI;99;ALTO DE CAÑAS;1;0;104
479;RIONEGRO ;YACOPI;99;APOSENTOS ;1;1;200
480;RIONEGRO ;YACOPI;99;CABO VERDE;1;0;75
481;RIONEGRO ;YACOPI;99;EL CHAPON (LAS LOMAS);1;0;61
482;RIONEGRO ;YACOPI;99;GUADUALITO ;2;3;344
483;RIONEGRO ;YACOPI;99;GUAYABALES ;2;1;171
484;RIONEGRO ;YACOPI;99;IBAMA ;2;2;282
485;RIONEGRO ;YACOPI;99;LLANO MATEO ;3;6;359
486;RIONEGRO ;YACOPI;99;PATEVACA ;3;2;434
487;RIONEGRO ;YACOPI;99;PUEBLO NUEVO ;1;0;72
488;RIONEGRO ;YACOPI;99;TERAN ;2;0;223
489;SABANA OCCIDENTE ;ZIPACON ;0;CABECERA MUNICIPAL ;10;80;1719
490;SABANA OCCIDENTE ;ZIPACON ;99;EL OCASO ;4;14;552
491;SABANA CENTRO ;ZIPAQUIRA ;1;COLEGIO RAFAEL POMBO;21;52;3841
492;SABANA CENTRO ;ZIPAQUIRA ;1;ESCUELA QUEVEDO Z;39;211;7908
493;SABANA CENTRO ;ZIPAQUIRA ;1;I.E. DPTAL DE CUNDINAMARCA ;31;97;5534
494;SABANA CENTRO ;ZIPAQUIRA ;1;SEDE EDU SIMON BOLIVAR;32;157;6393
495;SABANA CENTRO ;ZIPAQUIRA ;2;CAMI PAUZ;6;22;1214
496;SABANA CENTRO ;ZIPAQUIRA ;2;COLEGIO LICEO INTEGRADO ;49;238;9723
497;SABANA CENTRO ;ZIPAQUIRA ;2;GABRIELA MISTRAL SEDE NUEVA ;19;67;3561
498;SABANA CENTRO ;ZIPAQUIRA ;2;INST. EDUC, SANTIAGO PEREZ ;37;208;7239
499;SABANA CENTRO ;ZIPAQUIRA ;90;I.E. DPTAL TECNICO INDUSTRIAL ;10;107;3654
500;SABANA CENTRO ;ZIPAQUIRA ;98;CARCEL ;1;0;21
501;SABANA CENTRO ;ZIPAQUIRA ;99;CORREGIMIENTO 1 (SAN ISIDRO);3;0;349
502;SABANA CENTRO ;ZIPAQUIRA ;99;CORREGIMIENTO 2 (ESC BARANDILLAS);18;71;2998
503;SABANA CENTRO ;ZIPAQUIRA ;99;CORREGIMIENTO 3 (ESC SAN JORGE );3;9;546
